[
  {
    "iso2": "AD",
    "name": "Andorra"
  },
  {
    "iso2": "AE",
    "name": "United Arab Emirates"
  },
  {
    "iso2": "AF",
    "name": "Afghanistan"
  },
  {
    "iso2": "AG",
    "name": "Antigua and Barbuda"
  },
  {
    "iso2": "AI",
    "name": "Anguilla"
  },
  {
    "iso2": "AL",
    "name": "Albania"
  },
  {
    "iso2": "AM",
    "name": "Armenia"
  },
  {
    "iso2": "AO",
    "name": "Angola"
  },
  {
    "iso2": "AQ",
    "name": "Antarctica"
  },
  {
    "iso2": "AR",
    "name": "Argentina"
  },
  {
    "iso2": "AS",
    "name": "American Samoa"
  },
  {
    "iso2": "AT",
    "name": "Austria"
  },
  {
    "iso2": "AU",
    "name": "Australia"
  },
  {
    "iso2": "AW",
    "name": "Aruba"
  },
  {
    "iso2": "AX",
    "name": "Åland Islands"
  },
  {
    "iso2": "AZ",
    "name": "Azerbaijan"
  },
  {
    "iso2": "BA",
    "name": "Bosnia and Herzegovina"
  },
  {
    "iso2": "BB",
    "name": "Barbados"
  },
  {
    "iso2": "BD",
    "name": "Bangladesh"
  },
  {
    "iso2": "BE",
    "name": "Belgium"
  },
  {
    "iso2": "BF",
    "name": "Burkina Faso"
  },
  {
    "iso2": "BG",
    "name": "Bulgaria"
  },
  {
    "iso2": "BH",
    "name": "Bahrain"
  },
  {
    "iso2": "BI",
    "name": "Burundi"
  },
  {
    "iso2": "BJ",
    "name": "Benin"
  },
  {
    "iso2": "BL",
    "name": "Saint Barthélemy"
  },
  {
    "iso2": "BM",
    "name": "Bermuda"
  },
  {
    "iso2": "BN",
    "name": "Brunei Darussalam"
  },
  {
    "iso2": "BO",
    "name": "Bolivia (Plurinational State of)"
  },
  {
    "iso2": "BQ",
    "name": "Bonaire, Sint Eustatius and Saba"
  },
  {
    "iso2": "BR",
    "name": "Brazil"
  },
  {
    "iso2": "BS",
    "name": "Bahamas"
  },
  {
    "iso2": "BT",
    "name": "Bhutan"
  },
  {
    "iso2": "BV",
    "name": "Bouvet Island"
  },
  {
    "iso2": "BW",
    "name": "Botswana"
  },
  {
    "iso2": "BY",
    "name": "Belarus"
  },
  {
    "iso2": "BZ",
    "name": "Belize"
  },
  {
    "iso2": "CA",
    "name": "Canada"
  },
  {
    "iso2": "CC",
    "name": "Cocos (Keeling) Islands"
  },
  {
    "iso2": "CD",
    "name": "Congo, Democratic Republic of the"
  },
  {
    "iso2": "CF",
    "name": "Central African Republic"
  },
  {
    "iso2": "CG",
    "name": "Congo"
  },
  {
    "iso2": "CH",
    "name": "Switzerland"
  },
  {
    "iso2": "CI",
    "name": "Côte d'Ivoire"
  },
  {
    "iso2": "CK",
    "name": "Cook Islands"
  },
  {
    "iso2": "CL",
    "name": "Chile"
  },
  {
    "iso2": "CM",
    "name": "Cameroon"
  },
  {
    "iso2": "CN",
    "name": "China"
  },
  {
    "iso2": "CO",
    "name": "Colombia"
  },
  {
    "iso2": "CR",
    "name": "Costa Rica"
  },
  {
    "iso2": "CU",
    "name": "Cuba"
  },
  {
    "iso2": "CV",
    "name": "Cabo Verde"
  },
  {
    "iso2": "CW",
    "name": "Curaçao"
  },
  {
    "iso2": "CX",
    "name": "Christmas Island"
  },
  {
    "iso2": "CY",
    "name": "Cyprus"
  },
  {
    "iso2": "CZ",
    "name": "Czechia"
  },
  {
    "iso2": "DE",
    "name": "Germany"
  },
  {
    "iso2": "DJ",
    "name": "Djibouti"
  },
  {
    "iso2": "DK",
    "name": "Denmark"
  },
  {
    "iso2": "DM",
    "name": "Dominica"
  },
  {
    "iso2": "DO",
    "name": "Dominican Republic"
  },
  {
    "iso2": "DZ",
    "name": "Algeria"
  },
  {
    "iso2": "EC",
    "name": "Ecuador"
  },
  {
    "iso2": "EE",
    "name": "Estonia"
  },
  {
    "iso2": "EG",
    "name": "Egypt"
  },
  {
    "iso2": "EH",
    "name": "Western Sahara"
  },
  {
    "iso2": "ER",
    "name": "Eritrea"
  },
  {
    "iso2": "ES",
    "name": "Spain"
  },
  {
    "iso2": "ET",
    "name": "Ethiopia"
  },
  {
    "iso2": "FI",
    "name": "Finland"
  },
  {
    "iso2": "FJ",
    "name": "Fiji"
  },
  {
    "iso2": "FK",
    "name": "Falkland Islands (Malvinas)"
  },
  {
    "iso2": "FM",
    "name": "Micronesia (Federated States of)"
  },
  {
    "iso2": "FO",
    "name": "Faroe Islands"
  },
  {
    "iso2": "FR",
    "name": "France"
  },
  {
    "iso2": "GA",
    "name": "Gabon"
  },
  {
    "iso2": "GB",
    "name": "United Kingdom of Great Britain and Northern Ireland"
  },
  {
    "iso2": "GD",
    "name": "Grenada"
  },
  {
    "iso2": "GE",
    "name": "Georgia"
  },
  {
    "iso2": "GF",
    "name": "French Guiana"
  },
  {
    "iso2": "GG",
    "name": "Guernsey"
  },
  {
    "iso2": "GH",
    "name": "Ghana"
  },
  {
    "iso2": "GI",
    "name": "Gibraltar"
  },
  {
    "iso2": "GL",
    "name": "Greenland"
  },
  {
    "iso2": "GM",
    "name": "Gambia"
  },
  {
    "iso2": "GN",
    "name": "Guinea"
  },
  {
    "iso2": "GP",
    "name": "Guadeloupe"
  },
  {
    "iso2": "GQ",
    "name": "Equatorial Guinea"
  },
  {
    "iso2": "GR",
    "name": "Greece"
  },
  {
    "iso2": "GS",
    "name": "South Georgia and the South Sandwich Islands"
  },
  {
    "iso2": "GT",
    "name": "Guatemala"
  },
  {
    "iso2": "GU",
    "name": "Guam"
  },
  {
    "iso2": "GW",
    "name": "Guinea-Bissau"
  },
  {
    "iso2": "GY",
    "name": "Guyana"
  },
  {
    "iso2": "HK",
    "name": "Hong Kong"
  },
  {
    "iso2": "HM",
    "name": "Heard Island and McDonald Islands"
  },
  {
    "iso2": "HN",
    "name": "Honduras"
  },
  {
    "iso2": "HR",
    "name": "Croatia"
  },
  {
    "iso2": "HT",
    "name": "Haiti"
  },
  {
    "iso2": "HU",
    "name": "Hungary"
  },
  {
    "iso2": "ID",
    "name": "Indonesia"
  },
  {
    "iso2": "IE",
    "name": "Ireland"
  },
  {
    "iso2": "IL",
    "name": "Israel"
  },
  {
    "iso2": "IM",
    "name": "Isle of Man"
  },
  {
    "iso2": "IN",
    "name": "India"
  },
  {
    "iso2": "IO",
    "name": "British Indian Ocean Territory"
  },
  {
    "iso2": "IQ",
    "name": "Iraq"
  },
  {
    "iso2": "IR",
    "name": "Iran (Islamic Republic of)"
  },
  {
    "iso2": "IS",
    "name": "Iceland"
  },
  {
    "iso2": "IT",
    "name": "Italy"
  },
  {
    "iso2": "JE",
    "name": "Jersey"
  },
  {
    "iso2": "JM",
    "name": "Jamaica"
  },
  {
    "iso2": "JO",
    "name": "Jordan"
  },
  {
    "iso2": "JP",
    "name": "Japan"
  },
  {
    "iso2": "KE",
    "name": "Kenya"
  },
  {
    "iso2": "KG",
    "name": "Kyrgyzstan"
  },
  {
    "iso2": "KH",
    "name": "Cambodia"
  },
  {
    "iso2": "KI",
    "name": "Kiribati"
  },
  {
    "iso2": "KM",
    "name": "Comoros"
  },
  {
    "iso2": "KN",
    "name": "Saint Kitts and Nevis"
  },
  {
    "iso2": "KP",
    "name": "Korea (Democratic People's Republic of)"
  },
  {
    "iso2": "KR",
    "name": "Korea, Republic of"
  },
  {
    "iso2": "KW",
    "name": "Kuwait"
  },
  {
    "iso2": "KY",
    "name": "Cayman Islands"
  },
  {
    "iso2": "KZ",
    "name": "Kazakhstan"
  },
  {
    "iso2": "LA",
    "name": "Lao People's Democratic Republic"
  },
  {
    "iso2": "LB",
    "name": "Lebanon"
  },
  {
    "iso2": "LC",
    "name": "Saint Lucia"
  },
  {
    "iso2": "LI",
    "name": "Liechtenstein"
  },
  {
    "iso2": "LK",
    "name": "Sri Lanka"
  },
  {
    "iso2": "LR",
    "name": "Liberia"
  },
  {
    "iso2": "LS",
    "name": "Lesotho"
  },
  {
    "iso2": "LT",
    "name": "Lithuania"
  },
  {
    "iso2": "LU",
    "name": "Luxembourg"
  },
  {
    "iso2": "LV",
    "name": "Latvia"
  },
  {
    "iso2": "LY",
    "name": "Libya"
  },
  {
    "iso2": "MA",
    "name": "Morocco"
  },
  {
    "iso2": "MC",
    "name": "Monaco"
  },
  {
    "iso2": "MD",
    "name": "Moldova, Republic of"
  },
  {
    "iso2": "ME",
    "name": "Montenegro"
  },
  {
    "iso2": "MF",
    "name": "Saint Martin (French part)"
  },
  {
    "iso2": "MG",
    "name": "Madagascar"
  },
  {
    "iso2": "MH",
    "name": "Marshall Islands"
  },
  {
    "iso2": "MK",
    "name": "North Macedonia"
  },
  {
    "iso2": "ML",
    "name": "Mali"
  },
  {
    "iso2": "MM",
    "name": "Myanmar"
  },
  {
    "iso2": "MN",
    "name": "Mongolia"
  },
  {
    "iso2": "MO",
    "name": "Macao"
  },
  {
    "iso2": "MP",
    "name": "Northern Mariana Islands"
  },
  {
    "iso2": "MQ",
    "name": "Martinique"
  },
  {
    "iso2": "MR",
    "name": "Mauritania"
  },
  {
    "iso2": "MS",
    "name": "Montserrat"
  },
  {
    "iso2": "MT",
    "name": "Malta"
  },
  {
    "iso2": "MU",
    "name": "Mauritius"
  },
  {
    "iso2": "MV",
    "name": "Maldives"
  },
  {
    "iso2": "MW",
    "name": "Malawi"
  },
  {
    "iso2": "MX",
    "name": "Mexico"
  },
  {
    "iso2": "MY",
    "name": "Malaysia"
  },
  {
    "iso2": "MZ",
    "name": "Mozambique"
  },
  {
    "iso2": "NA",
    "name": "Namibia"
  },
  {
    "iso2": "NC",
    "name": "New Caledonia"
  },
  {
    "iso2": "NE",
    "name": "Niger"
  },
  {
    "iso2": "NF",
    "name": "Norfolk Island"
  },
  {
    "iso2": "NG",
    "name": "Nigeria"
  },
  {
    "iso2": "NI",
    "name": "Nicaragua"
  },
  {
    "iso2": "NL",
    "name": "Netherlands"
  },
  {
    "iso2": "NO",
    "name": "Norway"
  },
  {
    "iso2": "NP",
    "name": "Nepal"
  },
  {
    "iso2": "NR",
    "name": "Nauru"
  },
  {
    "iso2": "NU",
    "name": "Niue"
  },
  {
    "iso2": "NZ",
    "name": "New Zealand"
  },
  {
    "iso2": "OM",
    "name": "Oman"
  },
  {
    "iso2": "PA",
    "name": "Panama"
  },
  {
    "iso2": "PE",
    "name": "Peru"
  },
  {
    "iso2": "PF",
    "name": "French Polynesia"
  },
  {
    "iso2": "PG",
    "name": "Papua New Guinea"
  },
  {
    "iso2": "PH",
    "name": "Philippines"
  },
  {
    "iso2": "PK",
    "name": "Pakistan"
  },
  {
    "iso2": "PL",
    "name": "Poland"
  },
  {
    "iso2": "PM",
    "name": "Saint Pierre and Miquelon"
  },
  {
    "iso2": "PN",
    "name": "Pitcairn"
  },
  {
    "iso2": "PR",
    "name": "Puerto Rico"
  },
  {
    "iso2": "PS",
    "name": "Palestine, State of"
  },
  {
    "iso2": "PT",
    "name": "Portugal"
  },
  {
    "iso2": "PW",
    "name": "Palau"
  },
  {
    "iso2": "PY",
    "name": "Paraguay"
  },
  {
    "iso2": "QA",
    "name": "Qatar"
  },
  {
    "iso2": "RE",
    "name": "Réunion"
  },
  {
    "iso2": "RO",
    "name": "Romania"
  },
  {
    "iso2": "RS",
    "name": "Serbia"
  },
  {
    "iso2": "RU",
    "name": "Russian Federation"
  },
  {
    "iso2": "RW",
    "name": "Rwanda"
  },
  {
    "iso2": "SA",
    "name": "Saudi Arabia"
  },
  {
    "iso2": "SB",
    "name": "Solomon Islands"
  },
  {
    "iso2": "SC",
    "name": "Seychelles"
  },
  {
    "iso2": "SD",
    "name": "Sudan"
  },
  {
    "iso2": "SE",
    "name": "Sweden"
  },
  {
    "iso2": "SG",
    "name": "Singapore"
  },
  {
    "iso2": "SH",
    "name": "Saint Helena, Ascension and Tristan da Cunha"
  },
  {
    "iso2": "SI",
    "name": "Slovenia"
  },
  {
    "iso2": "SJ",
    "name": "Svalbard and Jan Mayen"
  },
  {
    "iso2": "SK",
    "name": "Slovakia"
  },
  {
    "iso2": "SL",
    "name": "Sierra Leone"
  },
  {
    "iso2": "SM",
    "name": "San Marino"
  },
  {
    "iso2": "SN",
    "name": "Senegal"
  },
  {
    "iso2": "SO",
    "name": "Somalia"
  },
  {
    "iso2": "SR",
    "name": "Suriname"
  },
  {
    "iso2": "SS",
    "name": "South Sudan"
  },
  {
    "iso2": "ST",
    "name": "Sao Tome and Principe"
  },
  {
    "iso2": "SV",
    "name": "El Salvador"
  },
  {
    "iso2": "SX",
    "name": "Sint Maarten (Dutch part)"
  },
  {
    "iso2": "SY",
    "name": "Syrian Arab Republic"
  },
  {
    "iso2": "SZ",
    "name": "Eswatini"
  },
  {
    "iso2": "TC",
    "name": "Turks and Caicos Islands"
  },
  {
    "iso2": "TD",
    "name": "Chad"
  },
  {
    "iso2": "TF",
    "name": "French Southern Territories"
  },
  {
    "iso2": "TG",
    "name": "Togo"
  },
  {
    "iso2": "TH",
    "name": "Thailand"
  },
  {
    "iso2": "TJ",
    "name": "Tajikistan"
  },
  {
    "iso2": "TK",
    "name": "Tokelau"
  },
  {
    "iso2": "TL",
    "name": "Timor-Leste"
  },
  {
    "iso2": "TM",
    "name": "Turkmenistan"
  },
  {
    "iso2": "TN",
    "name": "Tunisia"
  },
  {
    "iso2": "TO",
    "name": "Tonga"
  },
  {
    "iso2": "TR",
    "name": "Turkey"
  },
  {
    "iso2": "TT",
    "name": "Trinidad and Tobago"
  },
  {
    "iso2": "TV",
    "name": "Tuvalu"
  },
  {
    "iso2": "TW",
    "name": "Taiwan, Province of China"
  },
  {
    "iso2": "TZ",
    "name": "Tanzania, United Republic of"
  },
  {
    "iso2": "UA",
    "name": "Ukraine"
  },
  {
    "iso2": "UG",
    "name": "Uganda"
  },
  {
    "iso2": "UM",
    "name": "United States Minor Outlying Islands"
  },
  {
    "iso2": "US",
    "name": "United States of America"
  },
  {
    "iso2": "UY",
    "name": "Uruguay"
  },
  {
    "iso2": "UZ",
    "name": "Uzbekistan"
  },
  {
    "iso2": "VA",
    "name": "Holy See"
  },
  {
    "iso2": "VC",
    "name": "Saint Vincent and the Grenadines"
  },
  {
    "iso2": "VE",
    "name": "Venezuela (Bolivarian Republic of)"
  },
  {
    "iso2": "VG",
    "name": "Virgin Islands (British)"
  },
  {
    "iso2": "VI",
    "name": "Virgin Islands (U.S.)"
  },
  {
    "iso2": "VN",
    "name": "Viet Nam"
  },
  {
    "iso2": "VU",
    "name": "Vanuatu"
  },
  {
    "iso2": "WF",
    "name": "Wallis and Futuna"
  },
  {
    "iso2": "WS",
    "name": "Samoa"
  },
  {
    "iso2": "YE",
    "name": "Yemen"
  },
  {
    "iso2": "YT",
    "name": "Mayotte"
  },
  {
    "iso2": "ZA",
    "name": "South Africa"
  },
  {
    "iso2": "ZM",
    "name": "Zambia"
  },
  {
    "iso2": "ZW",
    "name": "Zimbabwe"
  }
]